words,1,2,3,dop,l_en,r_en,score,diff_en,rep_words,dop1,l_en1,r_en1,diff_en1,score1
不值,1.6156707e-06,0.0020325137,1257.9999732612607,-8.483844,1.0413927,1.8750613,-5.5673895,-0.8336686,面前一不值,-6.543327,1.5682018,1.6334685,-0.06526670000000001,-3.3416567
还有就,1.6156707e-06,0.0013216187,818.0000149174019,-8.612078,2.3159704,0.47712126,-5.818986,1.8388491399999998,,,,,,
不符,1.6156707e-06,0.00075128686,464.99998381602614,-8.718585,2.4329693,1.1760913,-5.1095247,1.256878,不符合,-9.18256,1.845098,1.8325089,0.012589099999999798,-5.504953
